model,total_volume,pool_volume,attacker_volume,attacker_net_pnl,regime_attacker_pnl,net_house_pnl,net_house_edge
momentum_lookup,228393.61493820147,199934.02035636583,28442.01953552412,1797.3997535748947,1897.1671899883504,24190.838244281982,0.10591731406689069
momentum_lookup_rolling,228638.30103054526,199934.02035636583,28686.705627867883,1888.2941574402148,1983.924804250074,24095.652749724504,0.1053876478311716
volatility_regime_momentum,231554.04633021177,199934.02035636583,31602.450927534413,725.2955900557979,1091.1073687172513,25408.16919969233,0.10972889311318083
momentum_logistic_rolling,235417.10930223932,199926.4438859307,35464.485144106446,447.774721620229,447.774721620229,25270.211069948946,0.10734228767334784
hidden_symmetric_margin,248092.10887378326,188614.0648605951,59452.53387494836,3454.8567691327307,3454.8567691327307,21150.777478730306,0.08525372924896517
guarded_volatility_regime_momentum,218304.80334872688,196404.40663614834,21882.871937804946,1077.3308138234004,1077.3308138234004,24902.361184652385,0.11407152203093113
