margin,total_volume,pool_volume,attacker_volume,attacker_edge,attacker_pnl_to_house,net_house_pnl,net_house_edge
0.05,483653.0786368854,364058.79745189653,119558.68201527819,0.036294030244641375,-4339.266421071968,16123.57581573506,0.03333706850616418
0.075,369082.404179153,298066.13340246334,70992.54071854803,0.027721145873704077,-1967.9945772037463,22179.79915808185,0.06009443665408593
0.1,277659.68945135374,244035.90986763747,33604.870193158735,0.03371855194204712,-1133.1075611137737,24691.64476074075,0.08892772591343963
0.125,221227.23687175888,199799.70426400294,21413.39348915031,0.039454031755314374,-844.8447067099784,25256.223302750375,0.11416416739585694
0.15,174537.43744164007,163582.16233682813,10943.698973591203,0.02985281986382657,-326.7002741025619,25101.71714701773,0.14381852693013766
0.2,113103.98751791014,109652.40258822944,3443.8252168652116,0.008956936466888492,-30.846123670530183,22455.644693509075,0.1985398144336264
0.25,73507.40504191205,73502.2035508585,0.0,0.0,-0.0,18720.67753016634,0.254677437184625
